{
  "velocity_yoy": 4.0367470520486375,
  "gdp_growth": 0.2991600674994975,
  "capital_concentration": 0.26746597526553956,
  "inflation": 0.25791796550808155,
  "macro_friction": 0.028317849516697535
}